month_year,region,volume,total_value,cif_price,prop_of_total_imports
2005-01-01,Middle East,76786,2816320,36.68,0.1989
2005-01-01,Africa,75902,3228585,42.54,0.1966
2005-01-01,FSU,131555,5173660,39.33,0.3408
2005-01-01,Europe,93099,4093273,43.97,0.24109999999999998
2005-01-01,America,8725,262713,30.11,0.0226
2005-01-01,World,386066,15574551,40.34,1
2005-02-01,Middle East,67825,2735384,40.33,0.19469999999999998
2005-02-01,Africa,58142,2581245,44.4,0.16690000000000002
2005-02-01,FSU,129055,5324344,41.26,0.3704
2005-02-01,Europe,82400,3748727,45.49,0.2365
2005-02-01,America,10992,349508,31.8,0.0315
2005-02-01,World,348415,14739209,42.3,1
2005-03-01,Middle East,66902,3085112,46.11,0.1804
2005-03-01,Africa,63891,3286544,51.44,0.1723
2005-03-01,FSU,137896,6585157,47.75,0.37189999999999995
2005-03-01,Europe,92963,4866610,52.35,0.2507
2005-03-01,America,9170,335870,36.63,0.024700000000000003
2005-03-01,World,370821,18159293,48.97,1
2005-04-01,Middle East,69703,3310646,47.5,0.1918
2005-04-01,Africa,62039,3227482,52.02,0.1707
2005-04-01,FSU,137316,6508645,47.4,0.3778
2005-04-01,Europe,87447,4478482,51.21,0.24059999999999998
2005-04-01,America,6989,257754,36.88,0.0192
2005-04-01,World,363494,17783009,48.92,1
2005-05-01,Middle East,74177,3299160,44.48,0.19190000000000002
2005-05-01,Africa,72553,3519255,48.51,0.1877
2005-05-01,FSU,145356,6560509,45.13,0.3761
2005-05-01,Europe,84631,4077224,48.18,0.21899999999999997
2005-05-01,America,9775,347390,35.54,0.0253
2005-05-01,World,386492,17803537,46.06,1
2005-06-01,Middle East,68784,3353565,48.75,0.1998
2005-06-01,Africa,58412,3053708,52.28,0.1696
2005-06-01,FSU,124222,6297571,50.7,0.3608
2005-06-01,Europe,80352,4284413,53.32,0.2334
2005-06-01,America,12558,518423,41.28,0.0365
2005-06-01,World,344327,17507681,50.85,1
2005-07-01,Middle East,81146,4289495,52.86,0.2146
2005-07-01,Africa,68734,3912508,56.92,0.1818
2005-07-01,FSU,132977,7298536,54.89,0.3517
2005-07-01,Europe,84854,4915577,57.93,0.22440000000000002
2005-07-01,America,10378,482288,46.47,0.0274
2005-07-01,World,378088,20898404,55.27,1
2005-08-01,Middle East,80306,4605207,57.35,0.2076
2005-08-01,Africa,75710,4728881,62.46,0.1957
2005-08-01,FSU,132581,7926739,59.79,0.3427
2005-08-01,Europe,84045,5296958,63.03,0.21719999999999998
2005-08-01,America,14260,705017,49.44,0.0369
2005-08-01,World,386903,23262802,60.13,1
2005-09-01,Middle East,79855,4620983,57.87,0.21359999999999998
2005-09-01,Africa,69377,4418766,63.69,0.1856
2005-09-01,Australia,930,56806,61.05,0.0025
2005-09-01,FSU,134505,7900112,58.73,0.35979999999999995
2005-09-01,Europe,77170,4890536,63.37,0.2064
2005-09-01,America,12033,580868,48.27,0.0322
2005-09-01,World,373870,22468070,60.1,1
2005-10-01,Middle East,84613,4528805,53.52,0.2126
2005-10-01,Africa,72863,4369237,59.97,0.183
2005-10-01,Australia,322,20906,64.97,8e-4
2005-10-01,FSU,131964,7334140,55.58,0.33149999999999996
2005-10-01,Europe,92855,5536186,59.62,0.23329999999999998
2005-10-01,America,15441,738015,47.8,0.0388
2005-10-01,World,398056,22527289,56.59,1
2005-11-01,Middle East,80779,4055157,50.2,0.2118
2005-11-01,Africa,66000,3778114,57.24,0.17300000000000001
2005-11-01,Australia,1994,109351,54.85,0.0052
2005-11-01,FSU,132685,6988685,52.67,0.3479
2005-11-01,Europe,87524,4990074,57.01,0.22949999999999998
2005-11-01,America,12441,585296,47.05,0.0326
2005-11-01,World,381423,20506677,53.76,1
2005-12-01,Middle East,74437,3866090,51.94,0.18969999999999998
2005-12-01,Africa,69146,4007813,57.96,0.17620000000000002
2005-12-01,FSU,140311,7553414,53.83,0.3575
2005-12-01,Europe,97641,5643343,57.8,0.2488
2005-12-01,America,10901,475627,43.63,0.0278
2005-12-01,World,392437,21546288,54.9,1
2006-01-01,Middle East,70020,3955664,56.49,0.1813
2006-01-01,Africa,66436,4140229,62.32,0.172
2006-01-01,Australia,448,27665,61.75,0.0012
2006-01-01,FSU,143895,8452445,58.74,0.3726
2006-01-01,Europe,91832,5788639,63.04,0.2378
2006-01-01,America,13608,657788,48.34,0.0352
2006-01-01,World,386240,23022430,59.61,1
2006-02-01,Middle East,62780,3541641,56.41,0.18289999999999998
2006-02-01,Africa,62505,3843645,61.49,0.1821
2006-02-01,Australia,1327,83804,63.17,0.0039000000000000003
2006-02-01,FSU,121919,7059354,57.9,0.3552
2006-02-01,Europe,84959,5199213,61.2,0.2475
2006-02-01,America,9753,487419,49.98,0.028399999999999998
2006-02-01,World,343242,20215077,58.89,1
2006-03-01,Middle East,64119,3697170,57.66,0.17190000000000003
2006-03-01,Africa,59707,3684665,61.71,0.16
2006-03-01,FSU,140626,8215878,58.42,0.37689999999999996
2006-03-01,Europe,94654,5862952,61.94,0.25370000000000004
2006-03-01,America,13997,717843,51.28,0.0375
2006-03-01,World,373103,22178509,59.44,1
2006-04-01,Middle East,70132,4465025,63.67,0.2016
2006-04-01,Africa,53370,3647506,68.34,0.1534
2006-04-01,Asia,2020,139250,68.95,0.0058
2006-04-01,Australia,600,43373,72.33,0.0017000000000000001
2006-04-01,FSU,123933,8108774,65.43,0.35619999999999996
2006-04-01,Europe,83051,5767231,69.44,0.23870000000000002
2006-04-01,America,14813,855971,57.79,0.0426
2006-04-01,World,347918,23027131,66.19,1
2006-05-01,Middle East,71548,4611911,64.46,0.1895
2006-05-01,Africa,56746,3974842,70.05,0.1503
2006-05-01,FSU,151324,9922455,65.57,0.40090000000000003
2006-05-01,Europe,86226,6000561,69.59,0.2284
2006-05-01,America,11635,636367,54.69,0.0308
2006-05-01,World,377479,25146136,66.62,1
2006-06-01,Middle East,75631,4832748,63.9,0.19899999999999998
2006-06-01,Africa,59711,4111528,68.86,0.15710000000000002
2006-06-01,Australia,530,36489,68.89,0.0014000000000000002
2006-06-01,FSU,138617,8952529,64.58,0.36469999999999997
2006-06-01,Europe,80891,5533454,68.41,0.21280000000000002
2006-06-01,America,16368,952782,58.21,0.0431
2006-06-01,Other,8353,552432,66.13,0.022000000000000002
2006-06-01,World,380100,24971962,65.7,1
2006-07-01,Middle East,83398,5617727,67.36,0.215
2006-07-01,Africa,73962,5373244,72.65,0.1906
2006-07-01,Australia,430,31600,73.53,0.0011
2006-07-01,FSU,136045,9304759,68.39,0.3506
2006-07-01,Europe,80609,5915735,73.39,0.2078
2006-07-01,America,13537,832377,61.49,0.0349
2006-07-01,World,387981,27075443,69.79,1
2006-08-01,Middle East,73733,4951974,67.16,0.1928
2006-08-01,Africa,72760,5417002,74.45,0.1902
2006-08-01,FSU,143237,9995022,69.78,0.37450000000000006
2006-08-01,Europe,78194,5784551,73.98,0.20440000000000003
2006-08-01,America,14580,864811,59.32,0.0381
2006-08-01,World,382503,27013361,70.62,1
2006-09-01,Middle East,73965,4404762,59.55,0.201
2006-09-01,Africa,65933,4308840,65.35,0.17920000000000003
2006-09-01,Asia,969,56970,58.82,0.0026
2006-09-01,Australia,728,45329,62.24,0.002
2006-09-01,FSU,138830,8375312,60.33,0.37729999999999997
2006-09-01,Europe,78124,4924473,63.03,0.21230000000000002
2006-09-01,America,9423,507043,53.81,0.0256
2006-09-01,World,367972,22622730,61.48,1
2006-10-01,Middle East,80523,4394863,54.58,0.20879999999999999
2006-10-01,Africa,75517,4517762,59.82,0.19579999999999997
2006-10-01,Asia,218,17365,79.66,6e-4
2006-10-01,Australia,678,41060,60.53,0.0018
2006-10-01,FSU,127866,7126556,55.73,0.33149999999999996
2006-10-01,Europe,87206,5098219,58.46,0.2261
2006-10-01,America,13698,665271,48.57,0.0355
2006-10-01,World,385707,21861095,56.68,1
2006-11-01,Middle East,65623,3580536,54.56,0.1788
2006-11-01,Africa,69076,4023356,58.25,0.1882
2006-11-01,Australia,685,42578,62.16,0.0019
2006-11-01,FSU,128911,7209578,55.93,0.3513
2006-11-01,Europe,87775,5193537,59.17,0.23920000000000002
2006-11-01,America,14876,757301,50.91,0.0405
2006-11-01,World,366947,20806885,56.7,1
2006-12-01,Middle East,71828,4081198,56.82,0.1857
2006-12-01,Africa,71914,4462139,62.05,0.18600000000000003
2006-12-01,FSU,134210,7869130,58.63,0.34700000000000003
2006-12-01,Europe,94202,5940102,63.06,0.24359999999999998
2006-12-01,America,14571,753121,51.69,0.0377
2006-12-01,World,386726,23105689,59.75,1
2007-01-01,Middle East,69587,3580244,51.45,0.1886
2007-01-01,Africa,60560,3396712,56.09,0.1641
2007-01-01,Australia,1362,81008,59.46,0.0037
2007-01-01,FSU,138158,7140625,51.68,0.37450000000000006
2007-01-01,Europe,84432,4598785,54.47,0.2289
2007-01-01,America,14838,707547,47.69,0.04019999999999999
2007-01-01,World,368939,19504922,52.87,1
2007-02-01,Middle East,66785,3481500,52.13,0.1856
2007-02-01,Africa,60497,3440091,56.86,0.16820000000000002
2007-02-01,FSU,133574,7165539,53.64,0.3713
2007-02-01,Europe,86871,5031306,57.92,0.2415
2007-02-01,America,12016,517181,43.04,0.0334
2007-02-01,World,359743,19635617,54.58,1
2007-03-01,Middle East,56055,3233992,57.69,0.1606
2007-03-01,Africa,54438,3309697,60.8,0.1559
2007-03-01,Australia,1255,79880,63.67,0.0036
2007-03-01,FSU,140094,8267370,59.01,0.40130000000000005
2007-03-01,Europe,85140,5353801,62.88,0.2439
2007-03-01,America,12110,634207,52.37,0.0347
2007-03-01,World,349092,20878947,59.81,1
2007-04-01,Middle East,69111,4283330,61.98,0.1832
2007-04-01,Africa,61822,4123983,66.71,0.16390000000000002
2007-04-01,FSU,149173,9623639,64.51,0.3954
2007-04-01,Europe,86700,5848216,67.45,0.2298
2007-04-01,America,10497,584369,55.67,0.0278
2007-04-01,World,377303,24463538,64.84,1
2007-05-01,Middle East,68143,4373850,64.19,0.1844
2007-05-01,Africa,65470,4445613,67.9,0.1771
2007-05-01,Asia,1269,81194,63.98,0.0034000000000000002
2007-05-01,FSU,143204,9270906,64.74,0.3874
2007-05-01,Europe,77501,5283338,68.17,0.2097
2007-05-01,America,14027,814580,58.07,0.038
2007-05-01,World,369614,24269479,65.66,1
2007-06-01,Middle East,66436,4441856,66.86,0.1892
2007-06-01,Africa,68338,4915359,71.93,0.1946
2007-06-01,FSU,134078,9247427,68.97,0.3818
2007-06-01,Europe,71659,5190145,72.43,0.204
2007-06-01,America,10682,641517,60.05,0.0304
2007-06-01,World,351194,24436304,69.58,1
2007-07-01,Middle East,66270,4737113,71.48,0.1809
2007-07-01,Africa,64727,4943747,76.38,0.17670000000000002
2007-07-01,Australia,546,44775,81.96,0.0015
2007-07-01,FSU,140329,10488320,74.74,0.3831
2007-07-01,Europe,80169,6269100,78.2,0.2189
2007-07-01,America,14275,910008,63.75,0.039
2007-07-01,World,366315,27393062,74.78,1
2007-08-01,Middle East,70790,4912009,69.39,0.1868
2007-08-01,Africa,79554,5782731,72.69,0.20989999999999998
2007-08-01,Australia,1455,114760,78.89,0.0038
2007-08-01,FSU,146301,10223281,69.88,0.3861
2007-08-01,Europe,70896,5147605,72.61,0.18710000000000002
2007-08-01,America,9928,616856,62.13,0.0262
2007-08-01,World,378923,26797242,70.72,1
2007-09-01,Middle East,61628,4540479,73.68,0.168
2007-09-01,Africa,73260,5512404,75.24,0.1997
2007-09-01,FSU,137203,10171421,74.13,0.374
2007-09-01,Europe,82036,6342146,77.31,0.2236
2007-09-01,America,12710,819189,64.45,0.0346
2007-09-01,World,366838,27385638,74.65,1
2007-10-01,Middle East,65636,5169370,78.76,0.1772
2007-10-01,Africa,68571,5535579,80.73,0.1852
2007-10-01,FSU,138660,11035819,79.59,0.37439999999999996
2007-10-01,Europe,85570,7167071,83.76,0.2311
2007-10-01,America,11899,845244,71.04,0.0321
2007-10-01,World,370335,29753084,80.34,1
2007-11-01,Middle East,58548,5199932,88.82,0.163
2007-11-01,Africa,75481,6835306,90.56,0.2102
2007-11-01,FSU,135949,12199131,89.73,0.3786
2007-11-01,Europe,77096,7158597,92.85,0.2147
2007-11-01,America,12007,981123,81.71,0.0334
2007-11-01,World,359081,32374090,90.16,1
2007-12-01,Middle East,69329,6196285,89.38,0.17920000000000003
2007-12-01,Africa,75670,6928831,91.57,0.1955
2007-12-01,Asia,11983,1066960,89.04,0.031
2007-12-01,FSU,138019,12336314,89.38,0.3567
2007-12-01,Europe,80002,7409251,92.61,0.20670000000000002
2007-12-01,America,11971,975700,81.5,0.030899999999999997
2007-12-01,World,386974,34913340,90.22,1
2008-01-01,Middle East,63433,5665687,89.32,0.16519999999999999
2008-01-01,Africa,79024,7384016,93.44,0.20579999999999998
2008-01-01,FSU,141159,12749306,90.32,0.3676
2008-01-01,Europe,89986,8384077,93.17,0.2343
2008-01-01,America,10444,858955,82.24,0.027200000000000002
2008-01-01,World,384046,35042040,91.24,1
2008-02-01,Middle East,48271,4427755,91.73,0.1449
2008-02-01,Africa,63780,6040935,94.72,0.19149999999999998
2008-02-01,Asia,630,58402,92.74,0.0019
2008-02-01,FSU,125048,11559528,92.44,0.37549999999999994
2008-02-01,Europe,83876,8049804,95.97,0.2518
2008-02-01,America,11445,977821,85.44,0.0344
2008-02-01,World,333049,31114245,93.42,1
2008-03-01,Middle East,61686,6136124,99.47,0.1604
2008-03-01,Africa,77930,7995995,102.61,0.2026
2008-03-01,FSU,139073,14000499,100.67,0.3616
2008-03-01,Europe,91829,9633239,104.9,0.23879999999999998
2008-03-01,America,14088,1278907,90.78,0.0366
2008-03-01,World,384605,39044764,101.52,1
2008-04-01,Middle East,56030,6005421,107.18,0.153
2008-04-01,Africa,74091,8045330,108.59,0.2023
2008-04-01,FSU,140535,14715970,104.71,0.3837
2008-04-01,Europe,80815,8935924,110.57,0.2207
2008-04-01,America,14771,1407613,95.3,0.0403
2008-04-01,World,366242,39110257,106.79,1
2008-05-01,Middle East,65103,7793754,119.71,0.1726
2008-05-01,Africa,79763,9611665,120.5,0.2115
2008-05-01,Australia,821,103124,125.61,0.0022
2008-05-01,FSU,140522,16716447,118.96,0.3726
2008-05-01,Europe,79106,9808677,123.99,0.2097
2008-05-01,America,11860,1268716,106.98,0.031400000000000004
2008-05-01,World,377175,45302383,120.11,1
2008-06-01,Middle East,60542,7717512,127.47,0.16870000000000002
2008-06-01,Africa,79794,10517745,131.81,0.2224
2008-06-01,FSU,133032,17093883,128.49,0.37079999999999996
2008-06-01,Europe,71860,9621286,133.89,0.2003
2008-06-01,America,13576,1594051,117.42,0.0378
2008-06-01,World,358805,46544476,129.72,1
2008-07-01,Middle East,61153,7579120,123.94,0.1591
2008-07-01,Africa,81833,11030149,134.79,0.21289999999999998
2008-07-01,FSU,152990,19972568,130.55,0.39799999999999996
2008-07-01,Europe,76020,10341153,136.03,0.1978
2008-07-01,America,12356,1447090,117.11,0.0321
2008-07-01,World,384352,50370080,131.05,1
2008-08-01,Middle East,71953,7888707,109.64,0.1934
2008-08-01,Africa,78639,9284344,118.06,0.2114
2008-08-01,FSU,130339,14722792,112.96,0.3504
2008-08-01,Europe,76012,8871458,116.71,0.20440000000000003
2008-08-01,America,15020,1594178,106.14,0.0404
2008-08-01,World,371963,42361481,113.89,1
2008-09-01,Middle East,72528,6910251,95.28,0.1934
2008-09-01,Africa,92740,9457104,101.97,0.24719999999999998
2008-09-01,Australia,277,30966,111.79,7.000000000000001e-4
2008-09-01,FSU,122557,12013856,98.03,0.3267
2008-09-01,Europe,79165,7947806,100.4,0.21100000000000002
2008-09-01,America,7835,756025,96.49,0.0209
2008-09-01,World,375103,37116008,98.95,1
2008-10-01,Middle East,71054,5093926,71.69,0.1898
2008-10-01,Africa,82629,6443833,77.99,0.2207
2008-10-01,FSU,130943,9531184,72.79,0.34979999999999994
2008-10-01,Europe,79614,6074313,76.3,0.2127
2008-10-01,America,10143,759673,74.9,0.0271
2008-10-01,World,374384,27902929,74.53,1
2008-11-01,Middle East,58871,3143400,53.39,0.16820000000000002
2008-11-01,Africa,78169,4486646,57.4,0.22329999999999997
2008-11-01,Asia,138,16678,120.94,4e-4
2008-11-01,Australia,983,59647,60.7,0.0028000000000000004
2008-11-01,FSU,121329,6584680,54.27,0.34659999999999996
2008-11-01,Europe,80360,4505891,56.07,0.2296
2008-11-01,America,10220,550896,53.9,0.0292
2008-11-01,World,350070,19347839,55.27,1
2008-12-01,Middle East,53289,2219914,41.66,0.13949999999999999
2008-12-01,Africa,100952,4464022,44.22,0.2642
2008-12-01,FSU,125332,5061455,40.38,0.32799999999999996
2008-12-01,Europe,88957,3720774,41.83,0.2328
2008-12-01,America,13529,559255,41.34,0.0354
2008-12-01,World,382058,16025419,41.94,1
2009-01-01,Middle East,51767,2086160,40.3,0.1456
2009-01-01,Africa,88026,3782432,42.97,0.24760000000000001
2009-01-01,FSU,127418,5372700,42.17,0.35850000000000004
2009-01-01,Europe,78080,3399280,43.54,0.21969999999999998
2009-01-01,America,10161,372403,36.65,0.0286
2009-01-01,World,355452,15012975,42.24,1
2009-02-01,Middle East,40028,1580230,39.48,0.1268
2009-02-01,Africa,69186,3024539,43.72,0.2191
2009-02-01,FSU,121068,5183354,42.81,0.3834
2009-02-01,Europe,74505,3329463,44.69,0.2359
2009-02-01,America,10985,450872,41.04,0.0348
2009-02-01,World,315773,13568458,42.97,1
2009-03-01,Middle East,50929,2210978,43.41,0.1426
2009-03-01,Africa,75348,3465309,45.99,0.21100000000000002
2009-03-01,FSU,132765,6040748,45.5,0.3718
2009-03-01,Europe,91013,4333932,47.62,0.25489999999999996
2009-03-01,America,7025,293326,41.76,0.0197
2009-03-01,World,357080,16344294,45.77,1
2009-04-01,Middle East,51884,2557378,49.29,0.16
2009-04-01,Africa,63354,3259682,51.45,0.1953
2009-04-01,Australia,451,21707,48.13,0.0014000000000000002
2009-04-01,FSU,134172,6613977,49.29,0.41369999999999996
2009-04-01,Europe,63938,3265061,51.07,0.1971
2009-04-01,America,10540,509017,48.29,0.0325
2009-04-01,World,324339,16226822,50.03,1
2009-05-01,Middle East,54975,3119915,56.75,0.1575
2009-05-01,Africa,77184,4365856,56.56,0.2211
2009-05-01,Australia,452,24331,53.83,0.0013
2009-05-01,FSU,138239,7824404,56.6,0.39590000000000003
2009-05-01,Europe,66784,3869831,57.95,0.1913
2009-05-01,America,11514,633355,55.01,0.033
2009-05-01,World,349148,19837692,56.82,1
2009-06-01,Middle East,54775,3488095,63.68,0.1632
2009-06-01,Africa,74086,4918451,66.39,0.2207
2009-06-01,FSU,127142,8472405,66.64,0.3788
2009-06-01,Europe,67665,4618762,68.26,0.2016
2009-06-01,America,11959,749993,62.71,0.0356
2009-06-01,World,335628,22247706,66.29,1
2009-07-01,Middle East,61759,4037342,65.37,0.17120000000000002
2009-07-01,Africa,71584,4669009,65.22,0.1984
2009-07-01,FSU,135730,8902393,65.59,0.3762
2009-07-01,Europe,80553,5286821,65.63,0.2232
2009-07-01,America,11195,700606,62.58,0.031
2009-07-01,World,360822,23596171,65.4,1
2009-08-01,Middle East,52975,3689162,69.64,0.15710000000000002
2009-08-01,Africa,62891,4566581,72.61,0.1865
2009-08-01,FSU,135096,9723124,71.97,0.4007
2009-08-01,Europe,77342,5653129,73.09,0.22940000000000002
2009-08-01,America,8876,595429,67.09,0.0263
2009-08-01,World,337179,24227425,71.85,1
2009-09-01,Middle East,50515,3480413,68.9,0.155
2009-09-01,Africa,58576,4061479,69.34,0.17980000000000002
2009-09-01,Australia,299,23316,77.98,9e-4
2009-09-01,FSU,132610,8970921,67.65,0.40700000000000003
2009-09-01,Europe,73170,5034530,68.81,0.22460000000000002
2009-09-01,America,10669,711959,66.73,0.0327
2009-09-01,World,325840,22282619,68.39,1
2009-10-01,Middle East,49134,3574858,72.76,0.1497
2009-10-01,Africa,60914,4353146,71.46,0.1856
2009-10-01,FSU,133334,9610086,72.08,0.40630000000000005
2009-10-01,Europe,76540,5598924,73.15,0.23329999999999998
2009-10-01,America,8213,563251,68.58,0.025
2009-10-01,World,328135,23700266,72.23,1
2009-11-01,Middle East,52572,4002899,76.14,0.1597
2009-11-01,Africa,67038,5156237,76.92,0.2036
2009-11-01,FSU,127467,9707789,76.16,0.3871
2009-11-01,Europe,75547,5858995,77.55,0.22940000000000002
2009-11-01,America,6660,476616,71.57,0.0202
2009-11-01,World,329284,25202536,76.54,1
2009-12-01,Middle East,43716,3306716,75.64,0.13019999999999998
2009-12-01,Africa,71572,5455724,76.23,0.21309999999999998
2009-12-01,FSU,139983,10402968,74.32,0.4169
2009-12-01,Europe,72336,5462195,75.51,0.21539999999999998
2009-12-01,America,8194,593746,72.46,0.024399999999999998
2009-12-01,World,335800,25221349,75.11,1
2010-01-01,Middle East,44606,3358821,75.3,0.1377
2010-01-01,Africa,60785,4670034,76.83,0.18760000000000002
2010-01-01,FSU,132645,10145570,76.49,0.4094
2010-01-01,Europe,75334,5822190,77.29,0.2325
2010-01-01,America,10614,766828,72.24,0.032799999999999996
2010-01-01,World,323985,24763444,76.43,1
2010-02-01,Middle East,42950,3188305,74.23,0.1421
2010-02-01,Africa,56824,4284361,75.4,0.188
2010-02-01,FSU,120296,8842140,73.5,0.3979
2010-02-01,Europe,75802,5719877,75.46,0.2507
2010-02-01,America,6438,455696,70.78,0.0213
2010-02-01,World,302310,22490379,74.4,1
2010-03-01,Middle East,53933,4225416,78.35,0.1603
2010-03-01,Africa,63796,5068587,79.45,0.18960000000000002
2010-03-01,FSU,130141,10114310,77.72,0.38670000000000004
2010-03-01,Europe,76084,6085056,79.98,0.2261
2010-03-01,America,12560,924716,73.63,0.0373
2010-03-01,World,336512,26418085,78.51,1
2010-04-01,Middle East,51990,4224296,81.25,0.15259999999999999
2010-04-01,Africa,62401,5236134,83.91,0.1832
2010-04-01,FSU,143026,11622568,81.26,0.41979999999999995
2010-04-01,Europe,70677,5951331,84.2,0.2075
2010-04-01,America,12595,969200,76.95,0.037000000000000005
2010-04-01,World,340689,28003529,82.2,1
2010-05-01,Middle East,46520,3505579,75.36,0.1421
2010-05-01,Africa,67466,5162272,76.52,0.20600000000000002
2010-05-01,FSU,135010,10063720,74.54,0.41229999999999994
2010-05-01,Europe,68820,5300835,77.02,0.2102
2010-05-01,America,9656,663309,68.69,0.029500000000000002
2010-05-01,World,327472,24695716,75.41,1
2010-06-01,Middle East,64276,4664266,72.57,0.19030000000000002
2010-06-01,Africa,63065,4721400,74.87,0.1868
2010-06-01,FSU,132604,9803897,73.93,0.39270000000000005
2010-06-01,Europe,67656,5066943,74.89,0.2004
2010-06-01,America,10079,692897,68.75,0.0298
2010-06-01,World,337680,24949402,73.88,1
2010-07-01,Middle East,70756,5193932,73.41,0.198
2010-07-01,Africa,71306,5401169,75.75,0.19949999999999998
2010-07-01,FSU,140756,10559862,75.02,0.39380000000000004
2010-07-01,Europe,66413,5095168,76.72,0.1858
2010-07-01,America,8156,576215,70.65,0.022799999999999997
2010-07-01,World,357386,26826346,75.06,1
2010-08-01,Middle East,66826,5039441,75.41,0.1883
2010-08-01,Africa,73626,5738763,77.95,0.2075
2010-08-01,FSU,133683,10219354,76.44,0.3768
2010-08-01,Europe,67639,5299030,78.34,0.1906
2010-08-01,America,13052,965744,73.99,0.0368
2010-08-01,World,354826,27262333,76.83,1
2010-09-01,Middle East,54780,4197535,76.63,0.1707
2010-09-01,Africa,59095,4564708,77.24,0.1841
2010-09-01,FSU,132877,10326532,77.71,0.414
2010-09-01,Europe,65408,5169686,79.04,0.20379999999999998
2010-09-01,America,8830,645027,73.05,0.0275
2010-09-01,World,320990,24903488,77.58,1
2010-10-01,Middle East,48367,3926227,81.18,0.14679999999999999
2010-10-01,Africa,66940,5482692,81.9,0.2032
2010-10-01,FSU,124886,10210485,81.76,0.3791
2010-10-01,Europe,75407,6307543,83.65,0.2289
2010-10-01,America,13797,1072271,77.72,0.04190000000000001
2010-10-01,World,329397,26999219,81.97,1
2010-11-01,Middle East,49680,4156085,83.66,0.1449
2010-11-01,Africa,86851,7369343,84.85,0.25329999999999997
2010-11-01,FSU,122023,10280184,84.25,0.35590000000000005
2010-11-01,Europe,73559,6334099,86.11,0.2146
2010-11-01,America,10717,881711,82.27,0.0313
2010-11-01,World,342830,29021422,84.65,1
2010-12-01,Middle East,48171,4297911,89.22,0.1338
2010-12-01,Africa,81247,7289756,89.72,0.2256
2010-12-01,FSU,147202,13217886,89.79,0.40880000000000005
2010-12-01,Europe,75794,6984881,92.16,0.21050000000000002
2010-12-01,America,7689,644490,83.82,0.021400000000000002
2010-12-01,World,360103,32434924,90.07,1
2011-01-01,Middle East,43523,4125759,94.79,0.1242
2011-01-01,Africa,81800,7850164,95.97,0.2335
2011-01-01,FSU,139627,13250653,94.9,0.3986
2011-01-01,Europe,77422,7592193,98.06,0.221
2011-01-01,America,7942,701878,88.37,0.0227
2011-01-01,World,350315,33520646,95.69,1
2011-02-01,Middle East,39667,3965793,99.98,0.1363
2011-02-01,Africa,69428,7113039,102.45,0.2386
2011-02-01,FSU,118463,12033230,101.58,0.4071
2011-02-01,Europe,55839,5853870,104.83,0.19190000000000002
2011-02-01,America,7602,717137,94.33,0.026099999999999998
2011-02-01,World,291000,29683069,102,1
2011-03-01,Middle East,48760,5382417,110.39,0.156
2011-03-01,Africa,51930,5883398,113.3,0.16620000000000001
2011-03-01,FSU,139265,15709610,112.8,0.4456
2011-03-01,Europe,63502,7316867,115.22,0.2032
2011-03-01,America,9079,968072,106.63,0.028999999999999998
2011-03-01,World,312536,35260364,112.82,1
2011-04-01,Middle East,50806,5915094,116.43,0.1632
2011-04-01,Africa,37345,4607184,123.37,0.1199
2011-04-01,FSU,146155,17516268,119.85,0.4694
2011-04-01,Europe,68790,8486351,123.37,0.22089999999999999
2011-04-01,America,8253,899234,108.96,0.0265
2011-04-01,World,311349,37424131,120.2,1
2011-05-01,Middle East,55709,6260321,112.37,0.1748
2011-05-01,Africa,43912,5216599,118.8,0.1378
2011-05-01,FSU,147575,16848818,114.17,0.4631
2011-05-01,Europe,63942,7487304,117.09,0.2007
2011-05-01,America,7536,808353,107.27,0.0236
2011-05-01,World,318674,36621396,114.92,1
2011-06-01,Middle East,76527,8322550,108.75,0.2332
2011-06-01,Africa,52954,6157722,116.28,0.16140000000000002
2011-06-01,FSU,125565,14392872,114.63,0.38270000000000004
2011-06-01,Europe,62378,7227191,115.86,0.19010000000000002
2011-06-01,America,10704,1135148,106.05,0.0326
2011-06-01,World,328128,37235483,113.48,1
2011-07-01,Middle East,77578,8578432,110.58,0.23070000000000002
2011-07-01,Africa,44813,5239569,116.92,0.1333
2011-07-01,FSU,133861,15482911,115.66,0.3981
2011-07-01,Europe,66491,7840466,117.92,0.1977
2011-07-01,America,13536,1456440,107.6,0.0403
2011-07-01,World,336279,38597817,114.78,1
2011-08-01,Middle East,76898,8355747,108.66,0.228
2011-08-01,Africa,62307,7079741,113.63,0.1848
2011-08-01,Australia,861,92781,107.76,0.0026
2011-08-01,FSU,119344,13236787,110.91,0.3539
2011-08-01,Europe,62713,7043073,112.31,0.18600000000000003
2011-08-01,America,15101,1607173,106.43,0.044800000000000006
2011-08-01,World,337223,37415303,110.95,1
2011-09-01,Middle East,64484,6987452,108.36,0.1971
2011-09-01,Africa,55749,6359672,114.08,0.1704
2011-09-01,Australia,397,48037,121,0.0012
2011-09-01,FSU,127918,14587188,114.04,0.391
2011-09-01,Europe,64837,7476452,115.31,0.19820000000000002
2011-09-01,America,13760,1417225,102.99,0.0421
2011-09-01,World,327145,36876026,112.72,1
2011-10-01,Middle East,62217,6705008,107.77,0.19920000000000002
2011-10-01,Africa,52266,5762093,110.25,0.1673
2011-10-01,Australia,866,95771,110.59,0.0028000000000000004
2011-10-01,FSU,127273,13988879,109.91,0.4075
2011-10-01,Europe,60052,6695890,111.5,0.1923
2011-10-01,America,9679,1016132,104.98,0.031
2011-10-01,World,312353,34263773,109.7,1
2011-11-01,Middle East,58858,6389375,108.56,0.1838
2011-11-01,Africa,56509,6367799,112.69,0.1764
2011-11-01,FSU,133917,14938468,111.55,0.4181
2011-11-01,Europe,60802,6899781,113.48,0.1898
2011-11-01,America,10202,1053426,103.26,0.0319
2011-11-01,World,320288,35648850,111.3,1
2011-12-01,Middle East,55431,5963294,107.58,0.17129999999999998
2011-12-01,Africa,62517,6931140,110.87,0.1932
2011-12-01,Australia,847,90570,106.93,0.0026
2011-12-01,FSU,130291,14154577,108.64,0.40259999999999996
2011-12-01,Europe,63975,7028080,109.86,0.1977
2011-12-01,America,10535,1105080,104.9,0.0326
2011-12-01,World,323596,35272742,109,1
2012-01-01,Middle East,57800,6398662,110.7,0.1653
2012-01-01,Africa,83029,9331110,112.38,0.23739999999999997
2012-01-01,FSU,127354,14012767,110.03,0.3642
2012-01-01,Europe,70888,7963654,112.34,0.2027
2012-01-01,America,10620,1134121,106.79,0.0304
2012-01-01,World,349691,38840313,111.07,1
2012-02-01,Middle East,41870,4895114,116.91,0.1293
2012-02-01,Africa,76010,8957256,117.84,0.2347
2012-02-01,Australia,820,89979,109.73,0.0025
2012-02-01,FSU,127191,15077935,118.55,0.39270000000000005
2012-02-01,Europe,65651,7930393,120.8,0.2027
2012-02-01,America,12375,1391671,112.46,0.0382
2012-02-01,World,323918,38342348,118.37,1
2012-03-01,Middle East,44696,5474661,122.49,0.1399
2012-03-01,Africa,73105,9216234,126.07,0.2288
2012-03-01,FSU,128669,16025463,124.55,0.40259999999999996
2012-03-01,Europe,61330,7767555,126.65,0.19190000000000002
2012-03-01,America,11780,1385031,117.58,0.0369
2012-03-01,World,319579,39868945,124.75,1
2012-04-01,Middle East,46397,5529388,119.18,0.14859999999999998
2012-04-01,Africa,65846,8160954,123.94,0.2108
2012-04-01,FSU,130782,15544799,118.86,0.4188
2012-04-01,Europe,57121,7024292,122.97,0.18289999999999998
2012-04-01,America,12143,1354659,111.56,0.038900000000000004
2012-04-01,World,312289,37614093,120.45,1
2012-05-01,Middle East,43079,4718032,109.52,0.1338
2012-05-01,Africa,69744,8087176,115.96,0.21660000000000001
2012-05-01,FSU,137774,15326709,111.25,0.428
2012-05-01,Europe,57056,6370598,111.65,0.1772
2012-05-01,America,14272,1525097,106.86,0.0443
2012-05-01,World,321925,36027612,111.91,1
2012-06-01,Middle East,61588,5973072,96.98,0.18350000000000002
2012-06-01,Africa,74568,7524878,100.91,0.22210000000000002
2012-06-01,FSU,124787,11986577,96.06,0.37170000000000003
2012-06-01,Europe,62714,6070824,96.8,0.1868
2012-06-01,America,12062,1184337,98.19,0.0359
2012-06-01,World,335719,32739688,97.52,1
2012-07-01,Middle East,59585,5882298,98.72,0.16949999999999998
2012-07-01,Africa,87515,8867436,101.33,0.249
2012-07-01,FSU,125720,12753889,101.45,0.3577
2012-07-01,Europe,62045,6393386,103.04,0.1765
2012-07-01,America,16652,1637697,98.35,0.047400000000000005
2012-07-01,World,351516,35534706,101.09,1
2012-08-01,Middle East,61010,6653992,109.06,0.16469999999999999
2012-08-01,Africa,94328,10537041,111.71,0.2546
2012-08-01,FSU,135062,15227790,112.75,0.36450000000000005
2012-08-01,Europe,69091,7871607,113.93,0.1865
2012-08-01,America,10973,1136309,103.55,0.0296
2012-08-01,Other,75,8456,112.17,2e-4
2012-08-01,World,370539,41435195,111.82,1
2012-09-01,Middle East,50437,5645384,111.93,0.1523
2012-09-01,Africa,88957,10202209,114.69,0.2687
2012-09-01,FSU,121462,13688057,112.69,0.3668
2012-09-01,Europe,56852,6466101,113.74,0.17170000000000002
2012-09-01,America,13388,1397817,104.4,0.0404
2012-09-01,World,331097,37399567,112.96,1
2012-10-01,Middle East,44483,4947228,111.22,0.1303
2012-10-01,Africa,83556,9463295,113.26,0.24480000000000002
2012-10-01,FSU,133662,14878808,111.32,0.39159999999999995
2012-10-01,Europe,60662,6833610,112.65,0.1777
2012-10-01,America,18966,1968956,103.82,0.0556
2012-10-01,World,341329,38091897,111.6,1
2012-11-01,Middle East,38844,4211587,108.42,0.1144
2012-11-01,Africa,88993,9858846,110.78,0.262
2012-11-01,FSU,131467,14359231,109.22,0.387
2012-11-01,Europe,65524,7241815,110.52,0.1929
2012-11-01,America,14865,1533420,103.16,0.0438
2012-11-01,World,339693,37204900,109.53,1
2012-12-01,Middle East,41914,4530998,108.1,0.1259
2012-12-01,Africa,82752,9156471,110.65,0.2486
2012-12-01,Australia,802,87442,109.03,0.0024
2012-12-01,FSU,122676,13422020,109.41,0.3685
2012-12-01,Europe,71225,7904086,110.97,0.2139
2012-12-01,America,13544,1414512,104.44,0.0407
2012-12-01,World,332913,36515530,109.68,1
2013-01-01,Middle East,35503,3973771,111.93,0.1081
2013-01-01,Africa,84355,9556749,113.29,0.2568
2013-01-01,FSU,130146,14654034,112.6,0.3962
2013-01-01,Europe,65157,7458121,114.46,0.1984
2013-01-01,America,13322,1430551,107.38,0.0406
2013-01-01,World,328484,37073225,112.86,1
2013-02-01,Middle East,28805,3277006,113.76,0.0929
2013-02-01,Africa,88676,10369410,116.94,0.2861
2013-02-01,FSU,116534,13448830,115.41,0.376
2013-02-01,Europe,63670,7475913,117.42,0.2054
2013-02-01,America,12260,1317118,107.43,0.039599999999999996
2013-02-01,World,309945,35888277,115.79,1
2013-03-01,Middle East,38073,4133869,108.58,0.1208
2013-03-01,Africa,80816,9112835,112.76,0.2564
2013-03-01,FSU,128941,13974834,108.38,0.40909999999999996
2013-03-01,Europe,52310,5741840,109.77,0.166
2013-03-01,America,15063,1566061,103.97,0.0478
2013-03-01,World,315203,34529440,109.55,1
2013-04-01,Middle East,37427,3885396,103.81,0.1184
2013-04-01,Africa,79569,8431343,105.96,0.2516
2013-04-01,FSU,132988,13561901,101.98,0.42060000000000003
2013-04-01,Europe,55192,5708864,103.44,0.1745
2013-04-01,America,11039,1109234,100.49,0.0349
2013-04-01,World,316214,32696739,103.4,1
2013-05-01,Middle East,45531,4584212,100.68,0.1393
2013-05-01,Africa,76639,8007505,104.48,0.2345
2013-05-01,FSU,138095,14114768,102.21,0.4226
2013-05-01,Europe,54029,5600377,103.66,0.1653
2013-05-01,America,12479,1218727,97.66,0.0382
2013-05-01,World,326773,33525590,102.6,1
2013-06-01,Middle East,51684,5260136,101.78,0.16190000000000002
2013-06-01,Africa,74695,7794470,104.35,0.23399999999999999
2013-06-01,FSU,113098,11671164,103.2,0.3543
2013-06-01,Europe,64331,6690818,104.01,0.20149999999999998
2013-06-01,America,15419,1546054,100.27,0.0483
2013-06-01,World,319227,32962641,103.26,1
2013-07-01,Middle East,51390,5424194,105.55,0.1471
2013-07-01,Africa,81915,8869692,108.28,0.2345
2013-07-01,FSU,127218,13742899,108.03,0.3641
2013-07-01,Europe,71456,7796713,109.11,0.2045
2013-07-01,America,17377,1760340,101.3,0.049699999999999994
2013-07-01,World,349357,37593838,107.61,1
2013-08-01,Middle East,45776,4983016,108.86,0.1441
2013-08-01,Africa,78088,8699510,111.41,0.2458
2013-08-01,FSU,123469,13713162,111.07,0.3887
2013-08-01,Europe,56379,6332825,112.33,0.1775
2013-08-01,America,13918,1422592,102.21,0.0438
2013-08-01,World,317630,35151106,110.67,1
2013-09-01,Middle East,41217,4579705,111.11,0.13470000000000001
2013-09-01,Africa,68427,7888652,115.29,0.2236
2013-09-01,FSU,119051,13403160,112.58,0.38909999999999995
2013-09-01,Europe,57693,6591792,114.26,0.1886
2013-09-01,America,19575,2067147,105.6,0.064
2013-09-01,World,305963,34530457,112.86,1
2013-10-01,Middle East,38874,4238918,109.04,0.1292
2013-10-01,Africa,73332,8209398,111.95,0.2437
2013-10-01,Asia,345,37705,109.29,0.0011
2013-10-01,FSU,125217,13719163,109.56,0.41609999999999997
2013-10-01,Europe,48800,5458861,111.86,0.16210000000000002
2013-10-01,America,14399,1470345,102.12,0.0478
2013-10-01,World,300967,33134390,110.09,1
2013-11-01,Middle East,38319,4129268,107.76,0.1307
2013-11-01,Africa,60097,6617588,110.12,0.20489999999999997
2013-11-01,FSU,118754,12817711,107.94,0.405
2013-11-01,Europe,59199,6488094,109.6,0.20190000000000002
2013-11-01,America,16871,1696561,100.56,0.0575
2013-11-01,World,293240,31749222,108.27,1
2013-12-01,Middle East,34882,3795027,108.8,0.11710000000000001
2013-12-01,Africa,62762,7088305,112.94,0.21059999999999998
2013-12-01,FSU,126755,14002480,110.47,0.4254
2013-12-01,Europe,61074,6743902,110.42,0.205
2013-12-01,America,12508,1279574,102.3,0.042
2013-12-01,World,297982,32909286,110.44,1
2014-01-01,Africa,72817,8116965,111.47,0.2327
2014-01-01,America,13608,1403591,103.14,0.0435
2014-01-01,Europe,66504,7332444,110.26,0.2125
2014-01-01,FSU,122050,13204594,108.19,0.39
2014-01-01,Middle East,37989,4052954,106.69,0.12140000000000001
2014-01-01,World,312969,34110548,108.99,1
2014-02-01,Africa,67330,7479280,111.08,0.23399999999999999
2014-02-01,America,16829,1719484,102.18,0.058499999999999996
2014-02-01,Europe,56915,6282341,110.38,0.1978
2014-02-01,FSU,117856,12837174,108.92,0.4096
2014-02-01,Middle East,28778,3080058,107.03,0.1
2014-02-01,World,287708,31398338,109.13,1
2014-03-01,Africa,61220,6676209,109.05,0.2032
2014-03-01,America,11532,1135792,98.49,0.0383
2014-03-01,Europe,61712,6737587,109.18,0.2048
2014-03-01,FSU,126138,13580352,107.66,0.41869999999999996
2014-03-01,Middle East,40685,4305204,105.82,0.135
2014-03-01,World,301288,32435144,107.66,1
2014-04-01,Africa,60529,6592333,108.91,0.1934
2014-04-01,America,19461,1928897,99.11,0.0622
2014-04-01,Australia,272,28397,104.4,9e-4
2014-04-01,Europe,66583,7279911,109.34,0.2127
2014-04-01,FSU,125617,13506172,107.52,0.40130000000000005
2014-04-01,Middle East,40540,4310128,106.32,0.1295
2014-04-01,World,313003,33645839,107.49,1
2014-05-01,Africa,75709,8360851,110.43,0.2218
2014-05-01,America,17390,1771267,101.85,0.051
2014-05-01,Europe,66638,7401300,111.07,0.19519999999999998
2014-05-01,FSU,128902,14032405,108.86,0.37770000000000004
2014-05-01,Middle East,52659,5653457,107.36,0.1543
2014-05-01,World,341299,37219280,109.05,1
2014-06-01,Africa,67607,7622735,112.75,0.2271
2014-06-01,America,19660,2037352,103.63,0.066
2014-06-01,Europe,53250,5997591,112.63,0.1789
2014-06-01,FSU,117395,12941348,110.24,0.3943
2014-06-01,Middle East,39787,4335858,108.98,0.1336
2014-06-01,World,297698,32934884,110.63,1
2014-07-01,Africa,73022,8069666,110.51,0.2243
2014-07-01,America,22166,2281058,102.91,0.0681
2014-07-01,Europe,59748,6412625,107.33,0.18350000000000002
2014-07-01,FSU,128509,13585083,105.71,0.3948
2014-07-01,Middle East,42083,4464048,106.08,0.1293
2014-07-01,World,325528,34812480,106.94,1
2014-08-01,Africa,84677,8803658,103.97,0.2559
2014-08-01,America,18933,1823477,96.31,0.0572
2014-08-01,Asia,647,66939,103.46,0.002
2014-08-01,Europe,60199,6158731,102.31,0.182
2014-08-01,FSU,118435,12002433,101.34,0.358
2014-08-01,Middle East,47942,4814944,100.43,0.1449
2014-08-01,World,330834,33670181,101.77,1
2014-09-01,Africa,76867,7653086,99.56,0.23920000000000002
2014-09-01,America,16468,1501135,91.15,0.0512
2014-09-01,Australia,547,53502,97.81,0.0017000000000000001
2014-09-01,Europe,60948,5989552,98.27,0.18969999999999998
2014-09-01,FSU,118852,11517569,96.91,0.3699
2014-09-01,Middle East,47666,4521778,94.86,0.1483
2014-09-01,World,321349,31236622,97.2,1
2014-10-01,Africa,81143,7478720,92.17,0.2339
2014-10-01,America,18158,1499718,82.59,0.052300000000000006
2014-10-01,Europe,67856,6023018,88.76,0.1956
2014-10-01,FSU,123620,10879973,88.01,0.3564
2014-10-01,Middle East,55522,4761092,85.75,0.16010000000000002
2014-10-01,Other,591,47044,79.6,0.0017000000000000001
2014-10-01,World,346890,30689564,88.47,1
2014-11-01,Africa,76337,6211730,81.37,0.243
2014-11-01,America,13266,906533,68.33,0.042199999999999994
2014-11-01,Europe,63889,5166407,80.87,0.2034
2014-11-01,FSU,116539,9349720,80.23,0.371
2014-11-01,Middle East,44083,3315240,75.21,0.14029999999999998
2014-11-01,World,314113,24949629,79.43,1
2014-12-01,Africa,86001,5896091,68.56,0.2438
2014-12-01,America,21192,1171219,55.27,0.0601
2014-12-01,Europe,71994,4589504,63.75,0.2041
2014-12-01,FSU,118421,7586164,64.06,0.3358
2014-12-01,Middle East,55091,3405427,61.81,0.1562
2014-12-01,World,352699,22648405,64.21,1
2015-01-01,Africa,74600,3905790,52.36,0.2262
2015-01-01,America,11529,525853,45.61,0.035
2015-01-01,Europe,63051,3217135,51.02,0.1912
2015-01-01,FSU,126534,6219425,49.15,0.3837
2015-01-01,Middle East,54062,2597171,48.04,0.16390000000000002
2015-01-01,World,329775,16465374,49.93,1
2015-02-01,Africa,75236,4114040,54.68,0.2352
2015-02-01,America,16374,750644,45.84,0.0512
2015-02-01,Europe,48784,2883401,59.11,0.1525
2015-02-01,FSU,123471,6955913,56.34,0.386
2015-02-01,Middle East,56000,2992821,53.44,0.1751
2015-02-01,World,319864,17696818,55.33,1
2015-03-01,Africa,87163,5033092,57.74,0.24420000000000003
2015-03-01,America,21877,1095259,50.06,0.0613
2015-03-01,Europe,57548,3316600,57.63,0.1612
2015-03-01,FSU,142447,8013292,56.25,0.39909999999999995
2015-03-01,Middle East,47869,2579205,53.88,0.1341
2015-03-01,World,356903,20037448,56.14,1
2015-04-01,Africa,76546,4467960,58.37,0.23379999999999998
2015-04-01,America,17202,896604,52.12,0.0525
2015-04-01,Europe,49642,2993862,60.31,0.1516
2015-04-01,FSU,129371,7580204,58.59,0.39520000000000005
2015-04-01,Middle East,54618,3124718,57.21,0.1668
2015-04-01,World,327379,19063348,58.23,1
2015-05-01,Africa,81053,5183691,63.95,0.2427
2015-05-01,America,13462,663432,49.28,0.0403
2015-05-01,Europe,55866,3613325,64.68,0.1673
2015-05-01,FSU,139784,8824322,63.13,0.41850000000000004
2015-05-01,Middle East,43787,2686890,61.36,0.1311
2015-05-01,Other,22,836,38.74,1e-4
2015-05-01,World,333974,20972495,62.8,1
2015-06-01,Africa,78056,4927474,63.13,0.2477
2015-06-01,America,17247,918442,53.25,0.0547
2015-06-01,Europe,53783,3357536,62.43,0.17059999999999997
2015-06-01,FSU,117745,7217067,61.29,0.3736
2015-06-01,Middle East,48335,2895892,59.91,0.1534
2015-06-01,World,315167,19316411,61.29,1
2015-07-01,Africa,78341,4636086,59.18,0.2281
2015-07-01,America,20319,1020901,50.24,0.0592
2015-07-01,Europe,57089,3265691,57.2,0.16620000000000001
2015-07-01,FSU,133563,7519005,56.3,0.3889
2015-07-01,Middle East,54083,2919665,53.99,0.1575
2015-07-01,World,343395,19361347,56.38,1
2015-08-01,Africa,73075,3730577,51.05,0.2182
2015-08-01,America,13282,533787,40.19,0.0397
2015-08-01,Europe,55295,2688214,48.62,0.16510000000000002
2015-08-01,FSU,135279,6410181,47.39,0.4039
2015-08-01,Middle East,57968,2660957,45.9,0.17309999999999998
2015-08-01,World,334898,16023716,47.85,1
2015-09-01,Africa,76663,3692797,48.17,0.22390000000000002
2015-09-01,America,17191,657194,38.23,0.050199999999999995
2015-09-01,Europe,53157,2572655,48.4,0.1552
2015-09-01,FSU,133323,6249143,46.87,0.38939999999999997
2015-09-01,Middle East,62066,2781658,44.82,0.1813
2015-09-01,World,342401,15953447,46.59,1
2015-10-01,Africa,89715,4414953,49.21,0.2582
2015-10-01,America,16430,660958,40.23,0.0473
2015-10-01,Europe,56192,2770019,49.3,0.1617
2015-10-01,FSU,128442,6082410,47.36,0.3697
2015-10-01,Middle East,56678,2493630,44,0.1631
2015-10-01,World,347457,16421971,47.26,1
2015-11-01,Africa,77885,3626257,46.56,0.244
2015-11-01,America,17118,659813,38.55,0.0536
2015-11-01,Europe,44136,1986672,45.01,0.1383
2015-11-01,FSU,120334,5197666,43.19,0.377
2015-11-01,Middle East,59677,2436096,40.82,0.187
2015-11-01,World,319150,13906505,43.57,1
2015-12-01,Africa,81332,3283823,40.38,0.2263
2015-12-01,America,15442,482587,31.25,0.043
2015-12-01,Europe,62923,2420192,38.46,0.1751
2015-12-01,FSU,146174,5441774,37.23,0.4067
2015-12-01,Middle East,53519,1865186,34.85,0.1489
2015-12-01,World,359389,13493561,37.55,1
2016-01-01,Africa,59873,2022790,33.78,0.1845
2016-01-01,America,15467,406062,26.25,0.047599999999999996
2016-01-01,Europe,56891,1811494,31.84,0.1753
2016-01-01,FSU,132362,3996647,30.19,0.4078
2016-01-01,Middle East,59999,1689424,28.16,0.1848
2016-01-01,World,324593,9926419,30.58,1
2016-02-01,Africa,59697,1920551,32.17,0.19149999999999998
2016-02-01,America,15072,387396,25.7,0.0483
2016-02-01,Europe,54214,1779272,32.82,0.1739
2016-02-01,FSU,127747,3958935,30.99,0.4097
2016-02-01,Middle East,55047,1611487,29.27,0.1766
2016-02-01,World,311777,9657641,30.98,1
2016-03-01,Africa,57002,2132632,37.41,0.1765
2016-03-01,America,18086,514630,28.45,0.055999999999999994
2016-03-01,Europe,57805,2207445,38.19,0.179
2016-03-01,FSU,141857,5128065,36.15,0.4393
2016-03-01,Middle East,48130,1678922,34.88,0.1491
2016-03-01,World,322881,11661694,36.12,1
2016-04-01,Africa,44847,1820799,40.6,0.1386
2016-04-01,America,18411,633654,34.42,0.056900000000000006
2016-04-01,Europe,54577,2274376,41.67,0.16870000000000002
2016-04-01,FSU,147053,5804067,39.47,0.4546
2016-04-01,Middle East,56885,2117172,37.22,0.1759
2016-04-01,Other,1707,72855,42.68,0.0053
2016-04-01,World,323480,12722924,39.33,1
2016-05-01,Africa,46258,2134619,46.15,0.1497
2016-05-01,America,13553,516353,38.1,0.043899999999999995
2016-05-01,Europe,51990,2463752,47.39,0.16820000000000002
2016-05-01,FSU,143698,6467390,45.01,0.465
2016-05-01,Middle East,53562,2256287,42.12,0.17329999999999998
2016-05-01,World,309061,13838401,44.78,1
2016-06-01,Africa,48307,2363948,48.94,0.1603
2016-06-01,America,16787,695856,41.45,0.0557
2016-06-01,Europe,49576,2426058,48.94,0.16449999999999998
2016-06-01,FSU,128433,6014667,46.83,0.42619999999999997
2016-06-01,Middle East,58272,2592857,44.5,0.1934
2016-06-01,World,301375,14093385,46.76,1
2016-07-01,Africa,62551,2895956,46.3,0.1761
2016-07-01,America,17874,703581,39.36,0.050300000000000004
2016-07-01,Europe,52049,2372627,45.58,0.1465
2016-07-01,FSU,146574,6486019,44.25,0.41259999999999997
2016-07-01,Middle East,76175,3221056,42.29,0.2144
2016-07-01,World,355223,15679238,44.14,1
2016-08-01,Africa,56627,2568373,45.36,0.1594
2016-08-01,America,16532,633078,38.3,0.04650000000000001
2016-08-01,Europe,69579,3199681,45.99,0.19579999999999997
2016-08-01,FSU,135117,6037443,44.68,0.3803
2016-08-01,Middle East,77423,3232881,41.76,0.21789999999999998
2016-08-01,World,355278,15671455,44.11,1
2016-09-01,Africa,49302,2322008,47.1,0.1483
2016-09-01,America,23330,977543,41.9,0.0702
2016-09-01,Europe,49255,2330639,47.32,0.1481
2016-09-01,FSU,133382,6022535,45.15,0.4011
2016-09-01,Middle East,77240,3316650,42.94,0.2323
2016-09-01,World,332508,14969374,45.02,1
2016-10-01,Africa,55835,2733358,48.95,0.1649
2016-10-01,America,27844,1232913,44.28,0.08220000000000001
2016-10-01,Europe,46045,2303159,50.02,0.136
2016-10-01,FSU,135771,6442857,47.45,0.4011
2016-10-01,Middle East,73041,3335416,45.67,0.2158
2016-10-01,World,338536,16047703,47.4,1
2016-11-01,Africa,62572,2895706,46.28,0.1833
2016-11-01,America,17387,718798,41.34,0.0509
2016-11-01,Europe,55798,2543663,45.59,0.1635
2016-11-01,FSU,136595,6038359,44.21,0.40020000000000006
2016-11-01,Middle East,68988,2956468,42.85,0.2021
2016-11-01,World,341340,15152993,44.39,1
2016-12-01,Africa,53016,2800149,52.82,0.15439999999999998
2016-12-01,America,14228,638579,44.88,0.0414
2016-12-01,Europe,64331,3422273,53.2,0.1873
2016-12-01,FSU,136078,6926718,50.9,0.39630000000000004
2016-12-01,Middle East,75732,3721370,49.14,0.2205
2016-12-01,World,343384,17509089,50.99,1
2017-01-01,Africa,50719,2812017,55.44,0.14529999999999998
2017-01-01,America,22076,1077396,48.8,0.0633
2017-01-01,Europe,60638,3348317,55.22,0.17370000000000002
2017-01-01,FSU,149963,8028927,53.54,0.42969999999999997
2017-01-01,Middle East,65611,3341189,50.92,0.188
2017-01-01,World,349007,18607846,53.32,1
2017-02-01,Africa,47968,2662207,55.5,0.1568
2017-02-01,America,16865,806328,47.81,0.055099999999999996
2017-02-01,Europe,56160,3117136,55.5,0.18359999999999999
2017-02-01,FSU,121926,6570184,53.89,0.3987
2017-02-01,Middle East,62925,3206835,50.96,0.2057
2017-02-01,World,305844,16362689,53.5,1
2017-03-01,Africa,54230,2895141,53.39,0.16620000000000001
2017-03-01,America,14583,695361,47.68,0.0447
2017-03-01,Europe,54530,2863955,52.52,0.1672
2017-03-01,FSU,125840,6409346,50.93,0.3857
2017-03-01,Middle East,76834,3732081,48.57,0.23550000000000001
2017-03-01,Other,210,10149,48.29,6e-4
2017-03-01,World,326227,16606034,50.9,1
2017-04-01,Africa,52210,2724578,52.18,0.1582
2017-04-01,America,17385,813514,46.79,0.0527
2017-04-01,Europe,48219,2551784,52.92,0.1461
2017-04-01,FSU,141094,7245863,51.35,0.4276
2017-04-01,Middle East,71034,3483640,49.04,0.21530000000000002
2017-04-01,World,329941,16819380,50.98,1
2017-05-01,Africa,57705,2947987,51.09,0.1748
2017-05-01,America,15577,719364,46.18,0.0472
2017-05-01,Europe,54381,2764204,50.83,0.16469999999999999
2017-05-01,FSU,126074,6251739,49.59,0.38189999999999996
2017-05-01,Middle East,76345,3572314,46.79,0.23129999999999998
2017-05-01,World,330081,16255608,49.25,1
2017-06-01,Africa,56922,2743251,48.19,0.16690000000000002
2017-06-01,America,16424,748079,45.55,0.0482
2017-06-01,Europe,58686,2777108,47.32,0.1721
2017-06-01,FSU,129284,6044257,46.75,0.3791
2017-06-01,Middle East,79726,3529816,44.27,0.23379999999999998
2017-06-01,World,341043,15842510,46.45,1
2017-07-01,Africa,71857,3491216,48.59,0.20149999999999998
2017-07-01,America,18454,841457,45.6,0.0518
2017-07-01,Europe,56490,2753071,48.74,0.15839999999999999
2017-07-01,FSU,131587,6264717,47.61,0.369
2017-07-01,Middle East,78172,3573712,45.72,0.2192
2017-07-01,World,356559,16924173,47.47,1
2017-08-01,Africa,69958,3617145,51.7,0.2045
2017-08-01,America,19542,923157,47.24,0.0571
2017-08-01,Europe,54329,2827773,52.05,0.1588
2017-08-01,FSU,131981,6784143,51.4,0.3857
2017-08-01,Middle East,66362,3198456,48.2,0.19390000000000002
2017-08-01,World,342172,17350673,50.71,1
2017-09-01,Africa,62045,3459222,55.75,0.1862
2017-09-01,America,16356,843476,51.57,0.049100000000000005
2017-09-01,Europe,56326,3160922,56.12,0.16899999999999998
2017-09-01,FSU,123648,6749813,54.59,0.3711
2017-09-01,Middle East,74848,3942135,52.67,0.22460000000000002
2017-09-01,World,333222,18155568,54.48,1
2017-10-01,Africa,64054,3761784,58.73,0.187
2017-10-01,America,23702,1257043,53.03,0.0692
2017-10-01,Europe,52067,3052097,58.62,0.152
2017-10-01,FSU,131903,7482193,56.73,0.3851
2017-10-01,Middle East,70787,3868984,54.66,0.20670000000000002
2017-10-01,World,342513,19422100,56.7,1
2017-11-01,Africa,69909,4407096,63.04,0.2022
2017-11-01,America,29348,1710294,58.28,0.0849
2017-11-01,Europe,50622,3191510,63.05,0.1464
2017-11-01,FSU,129604,7950937,61.35,0.37479999999999997
2017-11-01,Middle East,66282,3917339,59.1,0.1917
2017-11-01,World,345764,21177175,61.25,1
2017-12-01,Africa,66560,4338338,65.18,0.19820000000000002
2017-12-01,America,22211,1342169,60.43,0.0661
2017-12-01,Europe,65367,4241009,64.88,0.1946
2017-12-01,FSU,122252,7810133,63.89,0.364
2017-12-01,Middle East,59470,3669629,61.71,0.1771
2017-12-01,World,335860,21401279,63.72,1
2018-01-01,Africa,66475,4615040,69.43,0.18789999999999998
2018-01-01,America,25593,1616928,63.18,0.0723
2018-01-01,Europe,56375,3934397,69.79,0.1593
2018-01-01,FSU,137906,9458674,68.59,0.3897
2018-01-01,Middle East,67503,4427554,65.59,0.19079999999999997
2018-01-01,World,353851,24052593,67.97,1
2018-02-01,Africa,62736,4281895,68.25,0.19760000000000003
2018-02-01,America,24269,1490091,61.4,0.0764
2018-02-01,Europe,54171,3597743,66.41,0.17059999999999997
2018-02-01,FSU,120712,7896084,65.41,0.38020000000000004
2018-02-01,Middle East,55577,3735612,67.21,0.1751
2018-02-01,World,317466,21001425,66.15,1
2018-03-01,Africa,65318,4380249,67.06,0.1991
2018-03-01,America,29897,1876840,62.78,0.0911
2018-03-01,Europe,56376,3748856,66.5,0.1718
2018-03-01,FSU,117382,7590870,64.67,0.3577
2018-03-01,Middle East,59167,3744165,63.28,0.18030000000000002
2018-03-01,World,328140,21340980,65.04,1
2018-04-01,Africa,67810,4827951,71.2,0.2146
2018-04-01,America,27595,1831122,66.36,0.0873
2018-04-01,Europe,43152,3125039,72.42,0.1366
2018-04-01,FSU,126642,8798257,69.47,0.4008
2018-04-01,Middle East,50774,3398113,66.93,0.1607
2018-04-01,World,315973,21980482,69.56,1
2018-05-01,Africa,66408,5154116,77.61,0.2032
2018-05-01,America,32942,2345370,71.2,0.1008
2018-05-01,Europe,40828,3164494,77.51,0.1249
2018-05-01,FSU,120930,9001689,74.44,0.37
2018-05-01,Middle East,65748,4697706,71.45,0.20120000000000002
2018-05-01,World,326856,24363375,74.54,1
2018-06-01,Africa,58442,4438857,75.95,0.1822
2018-06-01,America,25212,1821560,72.25,0.0786
2018-06-01,Europe,48463,3606350,74.41,0.15109999999999998
2018-06-01,FSU,121297,8950343,73.79,0.37810000000000005
2018-06-01,Middle East,67354,4796458,71.21,0.21
2018-06-01,World,320769,23613568,73.62,1
2018-07-01,Africa,64467,4892443,75.89,0.19190000000000002
2018-07-01,America,23680,1677906,70.86,0.0705
2018-07-01,Europe,58867,4396384,74.68,0.1752
2018-07-01,FSU,123671,9107988,73.65,0.36810000000000004
2018-07-01,Middle East,65251,4628247,70.93,0.1942
2018-07-01,World,335937,24702968,73.53,1
2018-08-01,Africa,67062,4974028,74.17,0.1888
2018-08-01,America,25873,1790493,69.2,0.0728
2018-08-01,Europe,55887,4092495,73.23,0.1573
2018-08-01,FSU,128142,9168221,71.55,0.3608
2018-08-01,Middle East,78228,5485560,70.12,0.2202
2018-08-01,World,355192,25510798,71.82,1
2018-09-01,Africa,79160,6203188,78.36,0.23870000000000002
2018-09-01,America,26510,1965378,74.14,0.0799
2018-09-01,Europe,50233,3978382,79.2,0.1515
2018-09-01,FSU,112193,8738183,77.89,0.3383
2018-09-01,Middle East,63558,4766219,74.99,0.1916
2018-09-01,World,331655,25651350,77.34,1
2018-10-01,Africa,78312,6465282,82.56,0.2218
2018-10-01,America,29132,2255799,77.43,0.0825
2018-10-01,Europe,56417,4635333,82.16,0.1598
2018-10-01,FSU,119690,9622769,80.4,0.33899999999999997
2018-10-01,Middle East,69517,5315517,76.46,0.19690000000000002
2018-10-01,World,353068,28294700,80.14,1
2019-11-01,Africa,63482,4598557,72.44,0.1923
2019-11-01,America,33313,2208648,66.3,0.1009
2019-11-01,Europe,49139,3323192,67.63,0.1489
2019-11-01,FSU,122172,8125974,66.51,0.3701
2019-11-01,Middle East,61984,4050034,65.34,0.18780000000000002
2019-11-01,World,330090,22306405,67.58,1
2018-12-01,Africa,64840,3928861,60.59,0.18789999999999998
2018-12-01,America,31064,1774485,57.12,0.09
2018-12-01,Europe,53900,3118635,57.86,0.1562
2018-12-01,FSU,130560,7602074,58.23,0.3784
2018-12-01,Middle East,64630,3609553,55.85,0.1873
2018-12-01,World,344995,20033609,58.07,1
2019-01-01,Africa,62592,3730110,59.59,0.1747
2019-01-01,America,38759,2162430,55.79,0.1082
2019-01-01,Europe,64085,3837282,59.88,0.1789
2019-01-01,FSU,132457,7805505,58.93,0.36979999999999996
2019-01-01,Middle East,60330,3443737,57.08,0.1684
2019-01-01,World,358222,20979063,58.56,1
2019-02-01,Africa,65102,4189278,64.35,0.2094
2019-02-01,America,39155,2349946,60.02,0.1259
2019-02-01,Europe,44121,2863951,64.91,0.1419
2019-02-01,FSU,111561,7033430,63.05,0.3588
2019-02-01,Middle East,50955,3141868,61.66,0.16390000000000002
2019-02-01,World,310894,19578473,62.97,1
2019-03-01,Africa,67518,4536729,67.19,0.1954
2019-03-01,America,38625,2447859,63.38,0.1118
2019-03-01,Europe,51661,3465094,67.07,0.1495
2019-03-01,FSU,130654,8586164,65.72,0.3782
2019-03-01,Middle East,57002,3678016,64.52,0.165
2019-03-01,World,345460,22713861,65.75,1
2019-04-01,Africa,68453,4951123,72.33,0.2101
2019-04-01,America,30861,2051992,66.49,0.0947
2019-04-01,Europe,42576,3060662,71.89,0.1307
2019-04-01,FSU,133847,9453127,70.63,0.4107
2019-04-01,Middle East,50139,3464259,69.09,0.1539
2019-04-01,World,325877,22981162,70.52,1
2019-05-01,Africa,71320,5196767,72.87,0.2145
2019-05-01,America,34324,2367319,68.97,0.1032
2019-05-01,Europe,51890,3757031,72.4,0.156
2019-05-01,FSU,104375,7456960,71.44,0.31379999999999997
2019-05-01,Middle East,70656,4891057,69.22,0.2125
2019-05-01,World,332565,23669135,71.17,1
2019-06-01,Africa,69073,4714742,68.26,0.21600000000000003
2019-06-01,America,32977,2110103,63.99,0.10310000000000001
2019-06-01,Europe,41542,2744647,66.07,0.12990000000000002
2019-06-01,FSU,114849,7417074,64.58,0.3592
2019-06-01,Middle East,61324,3898487,63.57,0.1918
2019-06-01,World,319764,20885054,65.31,1
2019-07-01,Africa,62828,4172773,66.42,0.1741
2019-07-01,America,39843,2524239,63.35,0.1104
2019-07-01,Europe,45271,2965809,65.51,0.1255
2019-07-01,FSU,148133,9496531,64.11,0.4106
2019-07-01,Middle East,64703,4095608,63.3,0.1793
2019-07-01,World,360778,23254960,64.46,1
2019-08-01,Africa,83755,5221701,62.34,0.23550000000000001
2019-08-01,America,34600,2032114,58.73,0.0973
2019-08-01,Europe,49407,2981224,60.34,0.1389
2019-08-01,FSU,124609,7447713,59.77,0.3503
2019-08-01,Middle East,63301,3633190,57.4,0.17800000000000002
2019-08-01,World,355673,21315942,59.93,1
2019-09-01,Africa,79296,5046359,63.64,0.2447
2019-09-01,America,34511,2045376,59.27,0.1065
2019-09-01,Europe,43661,2784398,63.77,0.13470000000000001
2019-09-01,FSU,111889,6939885,62.02,0.3453
2019-09-01,Middle East,54705,3307884,60.47,0.16879999999999998
2019-09-01,World,324062,20123901,62.1,1
2019-10-01,Africa,78099,4947757,63.35,0.2334
2019-10-01,America,40472,2390195,59.06,0.121
2019-10-01,Europe,52809,3248725,61.52,0.1578
2019-10-01,FSU,119374,7136697,59.78,0.3568
2019-10-01,Middle East,43810,2518550,57.49,0.1309
2019-10-01,World,334565,20241923,60.5,1
2019-11-01,Africa,65489,4304230,65.72,0.2053
2019-11-01,America,44813,2716915,60.63,0.1405
2019-11-01,Europe,55115,3549957,64.41,0.1728
2019-11-01,FSU,108840,6880036,63.21,0.34119999999999995
2019-11-01,Middle East,44737,2685038,60.02,0.1402
2019-11-01,World,318994,20136176,63.12,1
2019-12-01,Africa,68837,4706545,68.37,0.2071
2019-12-01,America,52683,3340303,63.4,0.1585
2019-12-01,Europe,63441,4363068,68.77,0.1909
2019-12-01,FSU,107564,7064463,65.68,0.3236
2019-12-01,Middle East,39831,2543690,63.86,0.1198
2019-12-01,World,332357,22018069,66.25,1
